cluster,work_hours,screen_time_hours,meetings_count,breaks_taken,after_hours_work,sleep_hours,task_completion_rate,burnout_score
0,8.645913461538461,11.449843750000001,3.0576923076923075,3.0805288461538463,0.34375,6.994098557692308,69.54350961538461,48.338221153846156
1,4.683688016528926,7.3990289256198345,0.981404958677686,2.9845041322314048,0.371900826446281,6.9985020661157025,74.68512396694214,40.2898347107438
