model,silhouette,calinski_harabasz,davies_bouldin
kmeans_k=2,0.22008236155310007,552.1536266367307,1.745847148438485
hierarchical_k=2,0.16152052400347572,351.0422499286798,2.124908890135205
