,Factor1,Factor2,Factor3
work_hours,0.7316373761117754,-0.6509271241289105,0.0467449425276894
screen_time_hours,0.7319776682112615,-0.6475057382295263,-0.05842126304785814
meetings_count,0.40273621243823193,-0.32413818038370384,0.25032266234511263
breaks_taken,0.007199441340560176,-0.00774126409576365,0.1006955855614784
sleep_hours,-0.002522847379749573,-0.014153133672915858,0.08303552286424465
task_completion_rate,-0.7400064140088134,-0.6423462584588223,-0.00558909688369092
burnout_score,0.7374556525829282,0.6450203552159255,-0.005817747977059744
